Model,MSE,MAE
LSTM,0.006021464814786894,0.06273185563798074
ESN,0.0053943707501607555,0.058082689392128274
Transformer,0.014651242531710974,0.09448027900986129
